{
    "version": "1.0.0",
    "discord": {
        "clientId": "385581240906022916",
        "smallImageText": "WesterosCraft",
        "smallImageKey": "seal-circle"
    },
    "java": {
        "oracle": "http://www.oracle.com/technetwork/java/javase/downloads/jre8-downloads-2133155.html"
    },
    "rss": "https://westeroscraft.com/articles/index.rss",
    "servers": [
        {
            "id": "WesterosCraft-1.11.2",
            "name": "WesterosCraft Production Server",
            "description": "Main WesterosCraft server. Connect to enter the Realm.",
            "icon": "http://mc.westeroscraft.com/WesterosCraftLauncher/files/server-prod.png",
            "version": "3.8.0",
            "address": "mc.westeroscraft.com",
            "minecraftVersion": "1.11.2",
            "discord": {
                "shortId": "Production",
                "largeImageText": "WesterosCraft Production Server",
                "largeImageKey": "server-prod"
            },
            "mainServer": true,
            "autoconnect": true,
            "modules": [
                {
                    "id": "net.minecraftforge:forge:1.11.2-13.20.1.2429",
                    "name": "Minecraft Forge",
                    "type": "ForgeHosted",
                    "artifact": {
                        "size": 4450992,
                        "MD5": "3fcc9b0104f0261397d3cc897e55a1c5",
                        "url": "http://files.minecraftforge.net/maven/net/minecraftforge/forge/1.11.2-13.20.1.2429/forge-1.11.2-13.20.1.2429-universal.jar"
                    },
                    "subModules": [
                        {
                            "id": "net.minecraft:launchwrapper:1.12",
                            "name": "Mojang (LaunchWrapper)",
                            "type": "Library",
                            "artifact": {
                                "size": 32999,
                                "MD5": "934b2d91c7c5be4a49577c9e6b40e8da",
                                "url": "http://mc.westeroscraft.com/WesterosCraftLauncher/files/1.11.2/launchwrapper-1.12.jar"
                            }
                        },
                        {
                            "id": "org.ow2.asm:asm-all:5.0.3",
                            "name": "Mojang (ASM)",
                            "type": "Library",
                            "artifact": {
                                "size": 241639,
                                "MD5": "c5cc4613bbdfba3ccf5f0ab85390d0b8",
                                "url": "http://mc.westeroscraft.com/WesterosCraftLauncher/files/1.11.2/asm-all-5.0.3.jar"
                            }
                        },
                        {
                            "id": "org.scala-lang:scala-library:2.11.1@jar.pack.xz",
                            "name": "Minecraft Forge (scala-library)",
                            "type": "Library",
                            "artifact": {
                                "size": 1474672,
                                "MD5": "379c15c4f724421c6d5d7aecedaf87a6",
                                "url": "http://mc.westeroscraft.com/WesterosCraftLauncher/files/1.11.2/scala-library-2.11.1.jar.pack.xz"
                            }
                        },
                        {
                            "id": "org.scala-lang:scala-compiler:2.11.1@jar.pack.xz",
                            "name": "Minecraft Forge (scala-compiler)",
                            "type": "Library",
                            "artifact": {
                                "size": 3076920,
                                "MD5": "7d89e952f2d5c74577310cd2c28e3f20",
                                "url": "http://mc.westeroscraft.com/WesterosCraftLauncher/files/1.11.2/scala-compiler-2.11.1.jar.pack.xz"
                            }
                        },
                        {
                            "id": "org.scala-lang:scala-actors-migration_2.11:1.1.0@jar.pack.xz",
                            "name": "Minecraft Forge (scala-actors-migration)",
                            "type": "Library",
                            "artifact": {
                                "size": 21324,
                                "MD5": "04e3428b2600ace33c7ae2bf1f6c0a4c",
                                "url": "http://mc.westeroscraft.com/WesterosCraftLauncher/files/1.11.2/scala-actors-migration_2.11-1.1.0.jar.pack.xz"
                            }
                        },
                        {
                            "id": "org.scala-lang.plugins:scala-continuations-library_2.11:1.0.2@jar.pack.xz",
                            "name": "Minecraft Forge (scala-continuations-library)",
                            "type": "Library",
                            "artifact": {
                                "size": 7956,
                                "MD5": "ed9b1d27aba8ac4090a3749c4dfc895a",
                                "url": "http://mc.westeroscraft.com/WesterosCraftLauncher/files/1.11.2/scala-continuations-library_2.11-1.0.2.jar.pack.xz"
                            }
                        },
                        {
                            "id": "org.scala-lang.plugins:scala-continuations-plugin_2.11.1:1.0.2@jar.pack.xz",
                            "name": "Minecraft Forge (scala-continuations-plugin)",
                            "type": "Library",
                            "artifact": {
                                "size": 46140,
                                "MD5": "a8232db22a72a981de6b1399eb86dff7",
                                "url": "http://mc.westeroscraft.com/WesterosCraftLauncher/files/1.11.2/scala-continuations-plugin_2.11.1-1.0.2.jar.pack.xz"
                            }
                        },
                        {
                            "id": "org.scala-lang:scala-parser-combinators_2.11:1.0.1@jar.pack.xz",
                            "name": "Minecraft Forge (scala-parser-combinators)",
                            "type": "Library",
                            "artifact": {
                                "size": 85568,
                                "MD5": "2e50a7df17680daadacca69f07f8a16d",
                                "url": "http://mc.westeroscraft.com/WesterosCraftLauncher/files/1.11.2/scala-parser-combinators_2.11-1.0.1.jar.pack.xz"
                            }
                        },
                        {
                            "id": "org.scala-lang:scala-reflect:2.11.1@jar.pack.xz",
                            "name": "Minecraft Forge (scala-reflect)",
                            "type": "Library",
                            "artifact": {
                                "size": 1070312,
                                "MD5": "84e5dc81c10e2bd74c579c9d0332fdd9",
                                "url": "http://mc.westeroscraft.com/WesterosCraftLauncher/files/1.11.2/scala-reflect-2.11.1.jar.pack.xz"
                            }
                        },
                        {
                            "id": "org.scala-lang:scala-swing_2.11:1.0.1",
                            "name": "Minecraft Forge (scala-swing)",
                            "type": "Library",
                            "artifact": {
                                "size": 736795,
                                "MD5": "1d360289e697022a3f57abaad344b28f",
                                "url": "http://mc.westeroscraft.com/WesterosCraftLauncher/files/1.11.2/scala-swing_2.11-1.0.1.jar"
                            }
                        },
                        {
                            "id": "org.scala-lang:scala-xml_2.11:1.0.2@jar.pack.xz",
                            "name": "Minecraft Forge (scala-xml)",
                            "type": "Library",
                            "artifact": {
                                "size": 217812,
                                "MD5": "cc891b094a4c32dedc56bfefe9b072ff",
                                "url": "http://mc.westeroscraft.com/WesterosCraftLauncher/files/1.11.2/scala-xml_2.11-1.0.2.jar.pack.xz"
                            }
                        },
                        {
                            "id": "com.typesafe.akka:akka-actor_2.11:2.3.3@jar.pack.xz",
                            "name": "Minecraft Forge (akka-actor)",
                            "type": "Library",
                            "artifact": {
                                "size": 746612,
                                "MD5": "25cb22c3078e9fb3f7a861c912924862",
                                "url": "http://mc.westeroscraft.com/WesterosCraftLauncher/files/1.11.2/akka-actor_2.11-2.3.3.jar.pack.xz"
                            }
                        },
                        {
                            "id": "com.typesafe:config:1.2.1@jar.pack.xz",
                            "name": "Minecraft Forge (typesafe-config)",
                            "type": "Library",
                            "artifact": {
                                "size": 56636,
                                "MD5": "10ec4ccabc4e68aac9cf87165ead5d7d",
                                "url": "http://mc.westeroscraft.com/WesterosCraftLauncher/files/1.11.2/config-1.2.1.jar.pack.xz"
                            }
                        },
                        {
                            "id": "lzma:lzma:0.0.1",
                            "name": "Mojang (LZMA)",
                            "type": "Library",
                            "artifact": {
                                "size": 5762,
                                "MD5": "a3e3c3186e41c4a1a3027ba2bb23cdc6",
                                "url": "http://mc.westeroscraft.com/WesterosCraftLauncher/files/1.11.2/lzma-0.0.1.jar"
                            }
                        },
                        {
                            "id": "net.sf.trove4j:trove4j:3.0.3",
                            "name": "Trove4J",
                            "type": "Library",
                            "artifact": {
                                "size": 2523218,
                                "MD5": "8fc4d4e0129244f9fd39650c5f30feb2",
                                "url": "http://mc.westeroscraft.com/WesterosCraftLauncher/files/1.11.2/trove4j-3.0.3.jar"
                            }
                        },
                        {
                            "id": "java3d:vecmath:1.5.2",
                            "name": "Vecmath",
                            "type": "Library",
                            "artifact": {
                                "size": 318956,
                                "MD5": "e5d2b7f46c4800a32f62ce75676a5710",
                                "url": "http://mc.westeroscraft.com/WesterosCraftLauncher/files/1.11.2/vecmath-1.5.2.jar"
                            }
                        },
                        {
                            "id": "net.sf.jopt-simple:jopt-simple:4.6",
                            "name": "Jopt-simple",
                            "type": "Library",
                            "artifact": {
                                "size": 62477,
                                "MD5": "13560a58a79b46b82057686543e8d727",
                                "url": "http://mc.westeroscraft.com/WesterosCraftLauncher/files/1.11.2/jopt-simple-4.6.jar"
                            }
                        },
                        {
                            "id": "net.minecraftforge:MercuriusUpdater:1.11.2",
                            "name": "MercuriusUpdater",
                            "type": "Library",
                            "artifact": {
                                "size": 15146,
                                "MD5": "7556d06064ebbfa3b334a15092d725d0",
                                "url": "http://mc.westeroscraft.com/WesterosCraftLauncher/files/1.11.2/MercuriusUpdater-1.11.2.jar"
                            }
                        }
                    ]
                },
                {
                    "id": "com.westeroscraft:westerosblocks:3.1.0-alpha-2-135",
                    "name": "WesterosBlocks",
                    "type": "ForgeMod",
                    "artifact": {
                        "size": 16854431,
                         "MD5": "ed5b2349d1ce2496895a5e8839b77f74",
                        "url": "http://mc.westeroscraft.com/WesterosCraftLauncher/prod-1.11.2/mods/WesterosBlocks.jar"
                    }
                },
                {
                    "id": "com.westeroscraft:westeroscraftrp:2018-05-05",
                    "name": "WesterosCraft Resource Pack",
                    "type": "File",
                    "artifact": {
                        "size": 46067606,
                        "MD5": "0e08b0bcf44c9d266bfe067d865ffc1e",
                        "path": "resourcepacks/WesterosCraft.zip",
                        "url": "http://mc.westeroscraft.com/WesterosCraftLauncher/prod-1.11.2/resourcepacks/WesterosCraft.zip"
                    }
                },
                {
                    "id": "net.optifine:optifine:1.11.2_HD_U_C7",
                    "name": "Optifine",
                    "type": "ForgeMod",
                    "artifact": {
                        "size": 2254712,
                        "MD5": "0dd7761e908f9b245bb0dc0fac5649f5",
                        "url": "http://mc.westeroscraft.com/WesterosCraftLauncher/prod-1.11.2/mods/OptiFine.jar"
                    }
                },
                {
                    "id": "mezz:jei:1.11.2-4.5.0.290",
                    "name": "JustEnoughItems",
                    "type": "ForgeMod",
                    "artifact": {
                        "size": 538740,
                        "MD5": "f4d931f6db6210621a86fa1e7eae8016",
                        "url": "http://mc.westeroscraft.com/WesterosCraftLauncher/prod-1.11.2/mods/jei.jar"
                    }
                },
                {
                    "id": "org.blockartistry:dynsurround:1.11.2-3.4.6.2",
                    "name": "DynamicSurroundings",
                    "type": "ForgeMod",
                    "required": {
                        "value": false
                    },
                    "artifact": {
                        "size": 21853035,
                        "MD5": "82a6aac5420151960b8dd709deee5423",
                        "url": "http://mc.westeroscraft.com/WesterosCraftLauncher/prod-1.11.2/mods/DynamicSurroundings.jar"
                    },
                    "subModules": [
                        {
                            "id": "dsurround.cfg",
                            "name": "DynamicSurroundings General Configuration File",
                            "type": "File",
                            "artifact": {
                                "size": 20258,
                                "MD5": "3df81248db151750b7d0a0193b327b47",
                                "path": "/config/dsurround/dsurround.cfg",
                                "url": "http://mc.westeroscraft.com/WesterosCraftLauncher/prod-1.11.2/config/dsurround/dsurround.cfg"
                            }
                        },
                        {
                            "id": "westeros.json",
                            "name": "DynamicSurroundings WesterosCraft Configuration File",
                            "type": "File",
                            "artifact": {
                                "size": 608,
                                "MD5": "44eab112ff24d0bd29974c270de868ba",
                                "path": "/config/dsurround/westeros.json",
                                "url": "http://mc.westeroscraft.com/WesterosCraftLauncher/prod-1.11.2/config/dsurround/westeros.json"
                            }
                        }
                    ]
                },
                {
                    "id": "octarine-noise:betterfoliage:1.11.2-2.1.8",
                    "name": "BetterFoliage",
                    "type": "ForgeMod",
                    "required": {
                        "value": false
                    },
                    "artifact": {
                        "size": 4676029,
                        "MD5": "b2dd47e42da56fb49a07a0d38df91bc4",
                        "url": "http://mc.westeroscraft.com/WesterosCraftLauncher/prod-1.11.2/mods/BetterFoliage.jar"
                    },
                    "subModules": [
                        {
                            "id": "betterfoliage.cfg",
                            "name": "BetterFoliage Configuration File",
                            "type": "File",
                            "artifact": {
                                "size": 7878,
                                "MD5": "6dd38f873c4129af05a2d6c500cbe954",
                                "path": "/config/betterfoliage.cfg",
                                "url": "http://mc.westeroscraft.com/WesterosCraftLauncher/prod-1.11.2/config/betterfoliage.cfg"
                            }
                        }
                    ]
                },
                {
                    "id": "techbrew:journeymap:1.11.2-5.4.7",
                    "name": "JourneyMap",
                    "type": "ForgeMod",
                    "required": {
                        "value": false
                    },
                    "artifact": {
                        "size": 1735525,
                        "MD5": "1c3380502eb7b9a495581b2402d144df",
                        "url": "http://mc.westeroscraft.com/WesterosCraftLauncher/prod-1.11.2/mods/journeymap.jar"
                    }
                },
                {
                    "id": "com.github.hexomod:worldeditcuife2:2.1.1-mf-1.11.2-13.20.0.2228",
                    "name": "WorldEditCUI",
                    "type": "ForgeMod",
                    "required": {
                        "value": false
                    },
                    "artifact": {
                        "size": 461691,
                        "MD5": "439f82b69f3464969163c188818c677b",
                        "url": "http://mc.westeroscraft.com/WesterosCraftLauncher/prod-1.11.2/mods/worldeditcuife.jar"
                    }
                },
                {
                    "id": "mcp.mobius:waila:1.7.1_1.11.2",
                    "name": "Waila",
                    "type": "ForgeMod",
                    "required": {
                        "value": false
                    },
                    "artifact": {
                        "size": 542744,
                        "MD5": "26258a3557bf333e8f4ce8b1e9481031",
                        "url": "http://mc.westeroscraft.com/WesterosCraftLauncher/prod-1.11.2/mods/Waila.jar"
                    }
                },
                {
                    "id": "com.mumfrey:liteloader:1.11.2",
                    "name": "Liteloader",
                    "type": "LiteLoader",
                    "required": {
                        "value": false,
                        "def": false
                    },
                    "artifact": {
                        "size": 1685422,
                        "MD5": "3a98b5ed95810bf164e71c1a53be568d",
                        "url": "http://mc.westeroscraft.com/WesterosCraftLauncher/files/1.11.2/liteloader.jar"
                    },
                    "subModules": [
                        {
                            "id": "com.mumfrey:macrokeybindmod:0.14.4-1.11.2@litemod",
                            "name": "Macro/Keybind Mod",
                            "type": "LiteMod",
                            "required": {
                                "value": false,
                                "def": false
                            },
                            "artifact": {
                                "size": 1670811,
                                "MD5": "16080785577b391d426c62c8d3138558",
                                "url": "http://mc.westeroscraft.com/WesterosCraftLauncher/prod-1.11.2/mods/macrokeybindmod.litemod"
                            }
                        }
                    ]
                },
                {
                    "id": "com.sonicether:seus:11.0",
                    "name": "Sonic Ether's Unbelievable Shaders",
                    "type": "File",
                    "artifact": {
                        "size": 175159,
                        "MD5": "bfa8c31d1da8131b59917bb2460205b1",
                        "path": "shaderpacks/SEUS v11.0.zip",
                        "url": "http://mc.westeroscraft.com/WesterosCraftLauncher/prod-1.11.2/shaderpacks/SEUS.zip"
                    }
                },
                {
                    "id": "options.txt",
                    "name": "Default Client Options",
                    "type": "File",
                    "artifact": {
                        "size": 1973,
                        "path": "options.txt",
                        "url": "http://mc.westeroscraft.com/WesterosCraftLauncher/files/options-1.11.2.txt" 
                    }
                },
                {
                    "id": "servers.dat",
                    "name": "Saved Client Servers",
                    "type": "File",
                    "artifact": {
                        "size": 84,
                        "MD5": "71d99e229d7d2b8d2a6423e46832a4b8",
                        "path": "servers.dat",
                        "url": "http://mc.westeroscraft.com/WesterosCraftLauncher/prod-1.11.2/servers.dat" 
                    }
                }
            ]
        },
        {
            "id": "WesterosCraftTest-1.11.2",
            "name": "WesterosCraft Test Server",
            "description": "Main testing server. Experimental changes are live here.",
            "icon": "http://mc.westeroscraft.com/WesterosCraftLauncher/files/server-test.png",
            "version": "3.8.1",
            "address": "mc.westeroscraft.com:4444",
            "minecraftVersion": "1.11.2",
            "discord": {
                "shortId": "Test Server",
                "largeImageText": "WesterosCraft Test Server",
                "largeImageKey": "server-test"
            },
            "mainServer": false,
            "autoconnect": true,
            "modules": [
                {
                    "id": "net.minecraftforge:forge:1.11.2-13.20.1.2476",
                    "name": "Minecraft Forge",
                    "type": "ForgeHosted",
                    "artifact": {
                        "size": 4455536,
                        "MD5": "7cef816cc01d53a04a180f0214d2982a",
                        "url": "http://mc.westeroscraft.com/WesterosCraftLauncher/files/1.11.2/forge-1.11.2-13.20.1.2476-universal.jar"
                    },
                    "subModules": [
                        {
                            "id": "net.minecraft:launchwrapper:1.12",
                            "name": "Mojang (LaunchWrapper)",
                            "type": "Library",
                            "artifact": {
                                "size": 32999,
                                "MD5": "934b2d91c7c5be4a49577c9e6b40e8da",
                                "url": "http://mc.westeroscraft.com/WesterosCraftLauncher/files/1.11.2/launchwrapper-1.12.jar"
                            }
                        },
                        {
                            "id": "org.ow2.asm:asm-all:5.0.3",
                            "name": "Mojang (ASM)",
                            "type": "Library",
                            "artifact": {
                                "size": 241639,
                                "MD5": "c5cc4613bbdfba3ccf5f0ab85390d0b8",
                                "url": "http://mc.westeroscraft.com/WesterosCraftLauncher/files/1.11.2/asm-all-5.0.3.jar"
                            }
                        },
                        {
                            "id": "org.scala-lang:scala-library:2.11.1@jar.pack.xz",
                            "name": "Minecraft Forge (scala-library)",
                            "type": "Library",
                            "artifact": {
                                "size": 1474672,
                                "MD5": "379c15c4f724421c6d5d7aecedaf87a6",
                                "url": "http://mc.westeroscraft.com/WesterosCraftLauncher/files/1.11.2/scala-library-2.11.1.jar.pack.xz"
                            }
                        },
                        {
                            "id": "org.scala-lang:scala-compiler:2.11.1@jar.pack.xz",
                            "name": "Minecraft Forge (scala-compiler)",
                            "type": "Library",
                            "artifact": {
                                "size": 3076920,
                                "MD5": "7d89e952f2d5c74577310cd2c28e3f20",
                                "url": "http://mc.westeroscraft.com/WesterosCraftLauncher/files/1.11.2/scala-compiler-2.11.1.jar.pack.xz"
                            }
                        },
                        {
                            "id": "org.scala-lang:scala-actors-migration_2.11:1.1.0@jar.pack.xz",
                            "name": "Minecraft Forge (scala-actors-migration)",
                            "type": "Library",
                            "artifact": {
                                "size": 21324,
                                "MD5": "04e3428b2600ace33c7ae2bf1f6c0a4c",
                                "url": "http://mc.westeroscraft.com/WesterosCraftLauncher/files/1.11.2/scala-actors-migration_2.11-1.1.0.jar.pack.xz"
                            }
                        },
                        {
                            "id": "org.scala-lang.plugins:scala-continuations-library_2.11:1.0.2@jar.pack.xz",
                            "name": "Minecraft Forge (scala-continuations-library)",
                            "type": "Library",
                            "artifact": {
                                "size": 7956,
                                "MD5": "ed9b1d27aba8ac4090a3749c4dfc895a",
                                "url": "http://mc.westeroscraft.com/WesterosCraftLauncher/files/1.11.2/scala-continuations-library_2.11-1.0.2.jar.pack.xz"
                            }
                        },
                        {
                            "id": "org.scala-lang.plugins:scala-continuations-plugin_2.11.1:1.0.2@jar.pack.xz",
                            "name": "Minecraft Forge (scala-continuations-plugin)",
                            "type": "Library",
                            "artifact": {
                                "size": 46140,
                                "MD5": "a8232db22a72a981de6b1399eb86dff7",
                                "url": "http://mc.westeroscraft.com/WesterosCraftLauncher/files/1.11.2/scala-continuations-plugin_2.11.1-1.0.2.jar.pack.xz"
                            }
                        },
                        {
                            "id": "org.scala-lang:scala-parser-combinators_2.11:1.0.1@jar.pack.xz",
                            "name": "Minecraft Forge (scala-parser-combinators)",
                            "type": "Library",
                            "artifact": {
                                "size": 85568,
                                "MD5": "2e50a7df17680daadacca69f07f8a16d",
                                "url": "http://mc.westeroscraft.com/WesterosCraftLauncher/files/1.11.2/scala-parser-combinators_2.11-1.0.1.jar.pack.xz"
                            }
                        },
                        {
                            "id": "org.scala-lang:scala-reflect:2.11.1@jar.pack.xz",
                            "name": "Minecraft Forge (scala-reflect)",
                            "type": "Library",
                            "artifact": {
                                "size": 1070312,
                                "MD5": "84e5dc81c10e2bd74c579c9d0332fdd9",
                                "url": "http://mc.westeroscraft.com/WesterosCraftLauncher/files/1.11.2/scala-reflect-2.11.1.jar.pack.xz"
                            }
                        },
                        {
                            "id": "org.scala-lang:scala-swing_2.11:1.0.1",
                            "name": "Minecraft Forge (scala-swing)",
                            "type": "Library",
                            "artifact": {
                                "size": 736795,
                                "MD5": "1d360289e697022a3f57abaad344b28f",
                                "url": "http://mc.westeroscraft.com/WesterosCraftLauncher/files/1.11.2/scala-swing_2.11-1.0.1.jar"
                            }
                        },
                        {
                            "id": "org.scala-lang:scala-xml_2.11:1.0.2@jar.pack.xz",
                            "name": "Minecraft Forge (scala-xml)",
                            "type": "Library",
                            "artifact": {
                                "size": 217812,
                                "MD5": "cc891b094a4c32dedc56bfefe9b072ff",
                                "url": "http://mc.westeroscraft.com/WesterosCraftLauncher/files/1.11.2/scala-xml_2.11-1.0.2.jar.pack.xz"
                            }
                        },
                        {
                            "id": "com.typesafe.akka:akka-actor_2.11:2.3.3@jar.pack.xz",
                            "name": "Minecraft Forge (akka-actor)",
                            "type": "Library",
                            "artifact": {
                                "size": 746612,
                                "MD5": "25cb22c3078e9fb3f7a861c912924862",
                                "url": "http://mc.westeroscraft.com/WesterosCraftLauncher/files/1.11.2/akka-actor_2.11-2.3.3.jar.pack.xz"
                            }
                        },
                        {
                            "id": "com.typesafe:config:1.2.1@jar.pack.xz",
                            "name": "Minecraft Forge (typesafe-config)",
                            "type": "Library",
                            "artifact": {
                                "size": 56636,
                                "MD5": "10ec4ccabc4e68aac9cf87165ead5d7d",
                                "url": "http://mc.westeroscraft.com/WesterosCraftLauncher/files/1.11.2/config-1.2.1.jar.pack.xz"
                            }
                        },
                        {
                            "id": "lzma:lzma:0.0.1",
                            "name": "Mojang (LZMA)",
                            "type": "Library",
                            "artifact": {
                                "size": 5762,
                                "MD5": "a3e3c3186e41c4a1a3027ba2bb23cdc6",
                                "url": "http://mc.westeroscraft.com/WesterosCraftLauncher/files/1.11.2/lzma-0.0.1.jar"
                            }
                        },
                        {
                            "id": "net.sf.trove4j:trove4j:3.0.3",
                            "name": "Trove4J",
                            "type": "Library",
                            "artifact": {
                                "size": 2523218,
                                "MD5": "8fc4d4e0129244f9fd39650c5f30feb2",
                                "url": "http://mc.westeroscraft.com/WesterosCraftLauncher/files/1.11.2/trove4j-3.0.3.jar"
                            }
                        },
                        {
                            "id": "java3d:vecmath:1.5.2",
                            "name": "Vecmath",
                            "type": "Library",
                            "artifact": {
                                "size": 318956,
                                "MD5": "e5d2b7f46c4800a32f62ce75676a5710",
                                "url": "http://mc.westeroscraft.com/WesterosCraftLauncher/files/1.11.2/vecmath-1.5.2.jar"
                            }
                        },
                        {
                            "id": "net.sf.jopt-simple:jopt-simple:4.6",
                            "name": "Jopt-simple",
                            "type": "Library",
                            "artifact": {
                                "size": 62477,
                                "MD5": "13560a58a79b46b82057686543e8d727",
                                "url": "http://mc.westeroscraft.com/WesterosCraftLauncher/files/1.11.2/jopt-simple-4.6.jar"
                            }
                        },
                        {
                            "id": "net.minecraftforge:MercuriusUpdater:1.11.2",
                            "name": "MercuriusUpdater",
                            "type": "Library",
                            "artifact": {
                                "size": 15146,
                                "MD5": "7556d06064ebbfa3b334a15092d725d0",
                                "url": "http://mc.westeroscraft.com/WesterosCraftLauncher/files/1.11.2/MercuriusUpdater-1.11.2.jar"
                            }
                        }
                    ]
                },
                {
                    "id": "com.westeroscraft:westerosblocks:3.1.0-alpha-2-136",
                    "name": "WesterosBlocks",
                    "type": "ForgeMod",
                    "artifact": {
                        "size": 17352679,
                         "MD5": "7a26b3f4f89bfe48f34c4fc95fc6437f",
                        "url": "http://mc.westeroscraft.com/WesterosCraftLauncher/test-1.11.2/mods/WesterosBlocks.jar"
                    }
                },
                {
                    "id": "com.westeroscraft:westeroscraftrp:2018-07-21",
                    "name": "WesterosCraft Resource Pack",
                    "type": "File",
                    "artifact": {
                        "size": 46942221,
                        "MD5": "26e3e63a5778691eb3a9db11f449fdf1",
                        "path": "resourcepacks/WesterosCraft.zip",
                        "url": "http://mc.westeroscraft.com/WesterosCraftLauncher/test-1.11.2/resourcepacks/WesterosCraft.zip"
                    }
                },
                {
                    "id": "net.optifine:optifine:1.11.2_HD_U_C7",
                    "name": "Optifine",
                    "type": "ForgeMod",
                    "artifact": {
                        "size": 2254712,
                        "MD5": "0dd7761e908f9b245bb0dc0fac5649f5",
                        "url": "http://mc.westeroscraft.com/WesterosCraftLauncher/test-1.11.2/mods/OptiFine.jar"
                    }
                },
                {
                    "id": "mezz:jei:1.11.2-4.5.1.296",
                    "name": "JustEnoughItems",
                    "type": "ForgeMod",
                    "artifact": {
                        "size": 542399,
                        "MD5": "584b3099d34c9a1b8649385b90831b34",
                        "url": "http://mc.westeroscraft.com/WesterosCraftLauncher/test-1.11.2/mods/jei.jar"
                    }
                },
                {
                    "id": "org.blockartistry:dynsurround:1.11.2-3.4.9.3",
                    "name": "DynamicSurroundings",
                    "type": "ForgeMod",
                    "required": {
                        "value": false
                    },
                    "artifact": {
                        "size": 22291385,
                        "MD5": "65403c66d8b3655b372f58047941d206",
                        "url": "http://mc.westeroscraft.com/WesterosCraftLauncher/test-1.11.2/mods/DynamicSurroundings.jar"
                    },
                    "subModules": [
                        {
                            "id": "dsurround.cfg",
                            "name": "DynamicSurroundings General Configuration File",
                            "type": "File",
                            "artifact": {
                                "size": 20849,
                                "MD5": "8d6c08c158aa846162e2a179d6228181",
                                "path": "/config/dsurround/dsurround.cfg",
                                "url": "http://mc.westeroscraft.com/WesterosCraftLauncher/test-1.11.2/config/dsurround/dsurround.cfg"
                            }
                        },
                        {
                            "id": "westeros.json",
                            "name": "DynamicSurroundings WesterosCraft Configuration File",
                            "type": "File",
                            "artifact": {
                                "size": 608,
                                "MD5": "44eab112ff24d0bd29974c270de868ba",
                                "path": "/config/dsurround/westeros.json",
                                "url": "http://mc.westeroscraft.com/WesterosCraftLauncher/test-1.11.2/config/dsurround/westeros.json"
                            }
                        }
                    ]
                },
                {
                    "id": "octarine-noise:betterfoliage:1.11.2-2.1.10",
                    "name": "BetterFoliage",
                    "type": "ForgeMod",
                    "required": {
                        "value": false
                    },
                    "artifact": {
                        "size": 4675903,
                        "MD5": "522fdf73b6e4343cb6243872fb7b4b6c",
                        "url": "http://mc.westeroscraft.com/WesterosCraftLauncher/test-1.11.2/mods/BetterFoliage.jar"
                    },
                    "subModules": [
                        {
                            "id": "betterfoliage.cfg",
                            "name": "BetterFoliage Configuration File",
                            "type": "File",
                            "artifact": {
                                "size": 7878,
                                "MD5": "6dd38f873c4129af05a2d6c500cbe954",
                                "path": "/config/betterfoliage.cfg",
                                "url": "http://mc.westeroscraft.com/WesterosCraftLauncher/test-1.11.2/config/betterfoliage.cfg"
                            }
                        }
                    ]
                },
                {
                    "id": "techbrew:journeymap:1.11.2-5.5.2",
                    "name": "JourneyMap",
                    "type": "ForgeMod",
                    "required": {
                        "value": false
                    },
                    "artifact": {
                        "size": 1799560,
                        "MD5": "4315e9939bf64bfa963c8674cb13e838",
                        "url": "http://mc.westeroscraft.com/WesterosCraftLauncher/test-1.11.2/mods/journeymap.jar"
                    }
                },
                {
                    "id": "com.github.hexomod:worldeditcuife2:2.1.2-mf-1.11.2-13.20.0.2228",
                    "name": "WorldEditCUI",
                    "type": "ForgeMod",
                    "required": {
                        "value": false
                    },
                    "artifact": {
                        "size": 461696,
                        "MD5": "53f6eef360af5329d9e52b5351657908",
                        "url": "http://mc.westeroscraft.com/WesterosCraftLauncher/test-1.11.2/mods/worldeditcuife.jar"
                    }
                },
                {
                    "id": "mcp.mobius:waila:1.7.1_1.11.2",
                    "name": "Waila",
                    "type": "ForgeMod",
                    "required": {
                        "value": false
                    },
                    "artifact": {
                        "size": 542744,
                        "MD5": "26258a3557bf333e8f4ce8b1e9481031",
                        "url": "http://mc.westeroscraft.com/WesterosCraftLauncher/test-1.11.2/mods/Waila.jar"
                    }
                },
                {
                    "id": "com.mumfrey:liteloader:1.11.2",
                    "name": "Liteloader",
                    "type": "LiteLoader",
                    "required": {
                        "value": false,
                        "def": false
                    },
                    "artifact": {
                        "size": 1685422,
                        "MD5": "3a98b5ed95810bf164e71c1a53be568d",
                        "url": "http://mc.westeroscraft.com/WesterosCraftLauncher/files/1.11.2/liteloader.jar"
                    },
                    "subModules": [
                        {
                            "id": "com.mumfrey:macrokeybindmod:0.14.4-1.11.2@litemod",
                            "name": "Macro/Keybind Mod",
                            "type": "LiteMod",
                            "required": {
                                "value": false,
                                "def": false
                            },
                            "artifact": {
                                "size": 1670811,
                                "MD5": "16080785577b391d426c62c8d3138558",
                                "url": "http://mc.westeroscraft.com/WesterosCraftLauncher/test-1.11.2/mods/macrokeybindmod.litemod"
                            }
                        }
                    ]
                },
                {
                    "id": "com.sonicether:seus:11.0",
                    "name": "Sonic Ether's Unbelievable Shaders",
                    "type": "File",
                    "artifact": {
                        "size": 175159,
                        "MD5": "bfa8c31d1da8131b59917bb2460205b1",
                        "path": "shaderpacks/SEUS v11.0.zip",
                        "url": "http://mc.westeroscraft.com/WesterosCraftLauncher/test-1.11.2/shaderpacks/SEUS.zip"
                    }
                },
                {
                    "id": "options.txt",
                    "name": "Default Client Options",
                    "type": "File",
                    "artifact": {
                        "size": 1973,
                        "path": "options.txt",
                        "url": "http://mc.westeroscraft.com/WesterosCraftLauncher/files/options-1.11.2.txt" 
                    }
                },
                {
                    "id": "servers.dat",
                    "name": "Saved Client Servers",
                    "type": "File",
                    "artifact": {
                        "size": 87,
                        "MD5": "594de6063df993b5fde31c7290226ee4",
                        "path": "servers.dat",
                        "url": "http://mc.westeroscraft.com/WesterosCraftLauncher/test-1.11.2/servers.dat" 
                    }
                }
            ]
        },
        {
            "id": "WesterosCraftTest-1.12.2",
            "name": "WesterosCraft 1.12.2 Test Server",
            "description": "Tests for our version change to 1.12.2 are live here.",
            "icon": "http://mc.westeroscraft.com/WesterosCraftLauncher/files/server-test.png",
            "version": "4.2.1",
            "address": "mc.westeroscraft.com:4445",
            "minecraftVersion": "1.12.2",
            "discord": {
                "shortId": "1.12.2 Test Server",
                "largeImageText": "WesterosCraft 1.12.2 Test Server",
                "largeImageKey": "server-test"
            },
            "mainServer": false,
            "autoconnect": true,
            "modules": [
                {
                    "id": "net.minecraftforge:forge:1.12.2-14.23.2.2651",
                    "name": "Minecraft Forge",
                    "type": "ForgeHosted",
                    "artifact": {
                        "size": 4823957,
                        "MD5": "42d3aec7cdd6e4e49b4ff77a1db7c3a9",
                        "url": "http://mc.westeroscraft.com/WesterosCraftLauncher/files/1.12.2/forge-1.12.2-14.23.2.2651-universal.jar"
                    },
                    "subModules": [
                        {
                            "id": "net.minecraft:launchwrapper:1.12",
                            "name": "Mojang (LaunchWrapper)",
                            "type": "Library",
                            "artifact": {
                                "size": 32999,
                                "MD5": "934b2d91c7c5be4a49577c9e6b40e8da",
                                "url": "http://mc.westeroscraft.com/WesterosCraftLauncher/files/1.12.2/launchwrapper-1.12.jar"
                            }
                        },
                        {
                            "id": "org.ow2.asm:asm-all:5.2",
                            "name": "Mojang (ASM)",
                            "type": "Library",
                            "artifact": {
                                "size": 247787,
                                "MD5": "f5ad16c7f0338b541978b0430d51dc83",
                                "url": "http://mc.westeroscraft.com/WesterosCraftLauncher/files/1.12.2/asm-all-5.2.jar"
                            }
                        },
                        {
                            "id": "jline:jline:2.13",
                            "name": "Mojang (jline)",
                            "type": "Library",
                            "artifact": {
                                "size": 248566,
                                "MD5": "f251ba666cccb260ff7215b2cbeee8d4",
                                "url": "http://mc.westeroscraft.com/WesterosCraftLauncher/files/1.12.2/jline-2.13.jar"
                            }
                        },
                        {
                            "id": "org.scala-lang:scala-library:2.11.1@jar.pack.xz",
                            "name": "Minecraft Forge (scala-library)",
                            "type": "Library",
                            "artifact": {
                                "size": 1474672,
                                "MD5": "379c15c4f724421c6d5d7aecedaf87a6",
                                "url": "http://mc.westeroscraft.com/WesterosCraftLauncher/files/1.12.2/scala-library-2.11.1.jar.pack.xz"
                            }
                        },
                        {
                            "id": "org.scala-lang:scala-compiler:2.11.1@jar.pack.xz",
                            "name": "Minecraft Forge (scala-compiler)",
                            "type": "Library",
                            "artifact": {
                                "size": 3076920,
                                "MD5": "7d89e952f2d5c74577310cd2c28e3f20",
                                "url": "http://mc.westeroscraft.com/WesterosCraftLauncher/files/1.12.2/scala-compiler-2.11.1.jar.pack.xz"
                            }
                        },
                        {
                            "id": "org.scala-lang:scala-actors-migration_2.11:1.1.0@jar.pack.xz",
                            "name": "Minecraft Forge (scala-actors-migration)",
                            "type": "Library",
                            "artifact": {
                                "size": 21324,
                                "MD5": "04e3428b2600ace33c7ae2bf1f6c0a4c",
                                "url": "http://mc.westeroscraft.com/WesterosCraftLauncher/files/1.12.2/scala-actors-migration_2.11-1.1.0.jar.pack.xz"
                            }
                        },
                        {
                            "id": "org.scala-lang.plugins:scala-continuations-library_2.11:1.0.2@jar.pack.xz",
                            "name": "Minecraft Forge (scala-continuations-library)",
                            "type": "Library",
                            "artifact": {
                                "size": 7956,
                                "MD5": "ed9b1d27aba8ac4090a3749c4dfc895a",
                                "url": "http://mc.westeroscraft.com/WesterosCraftLauncher/files/1.12.2/scala-continuations-library_2.11-1.0.2.jar.pack.xz"
                            }
                        },
                        {
                            "id": "org.scala-lang.plugins:scala-continuations-plugin_2.11.1:1.0.2@jar.pack.xz",
                            "name": "Minecraft Forge (scala-continuations-plugin)",
                            "type": "Library",
                            "artifact": {
                                "size": 46140,
                                "MD5": "a8232db22a72a981de6b1399eb86dff7",
                                "url": "http://mc.westeroscraft.com/WesterosCraftLauncher/files/1.12.2/scala-continuations-plugin_2.11.1-1.0.2.jar.pack.xz"
                            }
                        },
                        {
                            "id": "org.scala-lang:scala-parser-combinators_2.11:1.0.1@jar.pack.xz",
                            "name": "Minecraft Forge (scala-parser-combinators)",
                            "type": "Library",
                            "artifact": {
                                "size": 85568,
                                "MD5": "2e50a7df17680daadacca69f07f8a16d",
                                "url": "http://mc.westeroscraft.com/WesterosCraftLauncher/files/1.12.2/scala-parser-combinators_2.11-1.0.1.jar.pack.xz"
                            }
                        },
                        {
                            "id": "org.scala-lang:scala-reflect:2.11.1@jar.pack.xz",
                            "name": "Minecraft Forge (scala-reflect)",
                            "type": "Library",
                            "artifact": {
                                "size": 1070312,
                                "MD5": "84e5dc81c10e2bd74c579c9d0332fdd9",
                                "url": "http://mc.westeroscraft.com/WesterosCraftLauncher/files/1.12.2/scala-reflect-2.11.1.jar.pack.xz"
                            }
                        },
                        {
                            "id": "org.scala-lang:scala-swing_2.11:1.0.1",
                            "name": "Minecraft Forge (scala-swing)",
                            "type": "Library",
                            "artifact": {
                                "size": 736795,
                                "MD5": "1d360289e697022a3f57abaad344b28f",
                                "url": "http://mc.westeroscraft.com/WesterosCraftLauncher/files/1.12.2/scala-swing_2.11-1.0.1.jar"
                            }
                        },
                        {
                            "id": "org.scala-lang:scala-xml_2.11:1.0.2@jar.pack.xz",
                            "name": "Minecraft Forge (scala-xml)",
                            "type": "Library",
                            "artifact": {
                                "size": 217812,
                                "MD5": "cc891b094a4c32dedc56bfefe9b072ff",
                                "url": "http://mc.westeroscraft.com/WesterosCraftLauncher/files/1.12.2/scala-xml_2.11-1.0.2.jar.pack.xz"
                            }
                        },
                        {
                            "id": "com.typesafe.akka:akka-actor_2.11:2.3.3@jar.pack.xz",
                            "name": "Minecraft Forge (akka-actor)",
                            "type": "Library",
                            "artifact": {
                                "size": 746612,
                                "MD5": "25cb22c3078e9fb3f7a861c912924862",
                                "url": "http://mc.westeroscraft.com/WesterosCraftLauncher/files/1.12.2/akka-actor_2.11-2.3.3.jar.pack.xz"
                            }
                        },
                        {
                            "id": "com.typesafe:config:1.2.1@jar.pack.xz",
                            "name": "Minecraft Forge (typesafe-config)",
                            "type": "Library",
                            "artifact": {
                                "size": 56636,
                                "MD5": "10ec4ccabc4e68aac9cf87165ead5d7d",
                                "url": "http://mc.westeroscraft.com/WesterosCraftLauncher/files/1.12.2/config-1.2.1.jar.pack.xz"
                            }
                        },
                        {
                            "id": "lzma:lzma:0.0.1",
                            "name": "Mojang (LZMA)",
                            "type": "Library",
                            "artifact": {
                                "size": 5762,
                                "MD5": "a3e3c3186e41c4a1a3027ba2bb23cdc6",
                                "url": "http://mc.westeroscraft.com/WesterosCraftLauncher/files/1.12.2/lzma-0.0.1.jar"
                            }
                        },
                        {
                            "id": "net.sf.trove4j:trove4j:3.0.3",
                            "name": "Trove4J",
                            "type": "Library",
                            "artifact": {
                                "size": 2523218,
                                "MD5": "8fc4d4e0129244f9fd39650c5f30feb2",
                                "url": "http://mc.westeroscraft.com/WesterosCraftLauncher/files/1.12.2/trove4j-3.0.3.jar"
                            }
                        },
                        {
                            "id": "java3d:vecmath:1.5.2",
                            "name": "Vecmath",
                            "type": "Library",
                            "artifact": {
                                "size": 318956,
                                "MD5": "e5d2b7f46c4800a32f62ce75676a5710",
                                "url": "http://mc.westeroscraft.com/WesterosCraftLauncher/files/1.12.2/vecmath-1.5.2.jar"
                            }
                        },
                        {
                            "id": "net.sf.jopt-simple:jopt-simple:5.0.3",
                            "name": "Jopt-simple",
                            "type": "Library",
                            "artifact": {
                                "size": 78175,
                                "MD5": "0a5ec84e23df9d7cfb4063bc55f2744c",
                                "url": "http://mc.westeroscraft.com/WesterosCraftLauncher/files/1.12.2/jopt-simple-5.0.3.jar"
                            }
                        },
                        {
                            "id": "net.minecraftforge:MercuriusUpdater:1.12.2",
                            "name": "MercuriusUpdater",
                            "type": "Library",
                            "artifact": {
                                "size": 15098,
                                "MD5": "6eb9e61097bee3103a2fdc42746b76a4",
                                "url": "http://mc.westeroscraft.com/WesterosCraftLauncher/files/1.12.2/MercuriusUpdater-1.12.2.jar"
                            }
                        }
                    ]
                },
                {
                    "id": "com.westeroscraft:westerosblocks:3.1.0-alpha-2-10",
                    "name": "WesterosBlocks",
                    "type": "ForgeMod",
                    "artifact": {
                        "size": 17261877,
                         "MD5": "f23568619e6fc2bf0cdbdcc05b6a8af9",
                        "url": "http://mc.westeroscraft.com/WesterosCraftLauncher/test-1.12.2/mods/WesterosBlocks.jar"
                    }
                },
                {
                    "id": "com.westeroscraft:westeroscraftrp:2018-07-21",
                    "name": "WesterosCraft Resource Pack",
                    "type": "File",
                    "artifact": {
                        "size": 46944689,
                        "MD5": "caa806fb84e56c6c230e56b17670f2bc",
                        "path": "resourcepacks/WesterosCraft.zip",
                        "url": "http://mc.westeroscraft.com/WesterosCraftLauncher/test-1.12.2/resourcepacks/WesterosCraft.zip"
                    }
                },
                {
                    "id": "net.optifine:optifine:1.12.2_HD_U_D1",
                    "name": "Optifine",
                    "type": "ForgeMod",
                    "artifact": {
                        "size": 2372821,
                        "MD5": "4bfc1c95dde8ec08568e01bfaa61e7c5",
                        "url": "http://mc.westeroscraft.com/WesterosCraftLauncher/test-1.12.2/mods/OptiFine.jar"
                    }
                },
                {
                    "id": "mezz:jei:1.12.2-4.8.5.151",
                    "name": "JustEnoughItems",
                    "type": "ForgeMod",
                    "artifact": {
                        "size": 545366,
                        "MD5": "7194b7b1f1ea6ad20013c596319db5b0",
                        "url": "http://mc.westeroscraft.com/WesterosCraftLauncher/test-1.12.2/mods/jei.jar"
                    }
                },
                {
                    "id": "org.blockartistry:dynsurround:1.12.2-3.4.9.3",
                    "name": "DynamicSurroundings",
                    "type": "ForgeMod",
                    "required": {
                        "value": false
                    },
                    "artifact": {
                        "size": 22298474,
                        "MD5": "115baf8e5f4e7d9757a2a85fb3507789",
                        "url": "http://mc.westeroscraft.com/WesterosCraftLauncher/test-1.12.2/mods/DynamicSurroundings.jar"
                    },
                    "subModules": [
                        {
                            "id": "dsurround.cfg",
                            "name": "DynamicSurroundings General Configuration File",
                            "type": "File",
                            "artifact": {
                                "size": 21195,
                                "MD5": "850f1103765f45698954b4e3b0b0369d",
                                "path": "/config/dsurround/dsurround.cfg",
                                "url": "http://mc.westeroscraft.com/WesterosCraftLauncher/test-1.12.2/config/dsurround/dsurround.cfg"
                            }
                        },
                        {
                            "id": "westeros.json",
                            "name": "DynamicSurroundings WesterosCraft Configuration File",
                            "type": "File",
                            "artifact": {
                                "size": 608,
                                "MD5": "44eab112ff24d0bd29974c270de868ba",
                                "path": "/config/dsurround/westeros.json",
                                "url": "http://mc.westeroscraft.com/WesterosCraftLauncher/test-1.12.2/config/dsurround/westeros.json"
                            }
                        }
                    ]
                },
                {
                    "id": "octarine-noise:betterfoliage:1.12-2.1.10",
                    "name": "BetterFoliage",
                    "type": "ForgeMod",
                    "required": {
                        "value": false
                    },
                    "artifact": {
                        "size": 4671397,
                        "MD5": "06714eb2c13f59df5e3c92cec7370e11",
                        "url": "http://mc.westeroscraft.com/WesterosCraftLauncher/test-1.12.2/mods/BetterFoliage.jar"
                    },
                    "subModules": [
                        {
                            "id": "betterfoliage.cfg",
                            "name": "BetterFoliage Configuration File",
                            "type": "File",
                            "artifact": {
                                "size": 7878,
                                "MD5": "6dd38f873c4129af05a2d6c500cbe954",
                                "path": "/config/betterfoliage.cfg",
                                "url": "http://mc.westeroscraft.com/WesterosCraftLauncher/test-1.12.2/config/betterfoliage.cfg"
                            }
                        }
                    ]
                },
                {
                    "id": "techbrew:journeymap:1.12.2-5.5.2",
                    "name": "JourneyMap",
                    "type": "ForgeMod",
                    "required": {
                        "value": false
                    },
                    "artifact": {
                        "size": 1822850,
                        "MD5": "b743562dac1b5334c20ac87b54c0b518",
                        "url": "http://mc.westeroscraft.com/WesterosCraftLauncher/test-1.12.2/mods/journeymap.jar"
                    }
                },
                {
                    "id": "com.github.hexomod:worldeditcuife2:2.1.2-mf-1.12.2-14.23.0.2487",
                    "name": "WorldEditCUI",
                    "type": "ForgeMod",
                    "required": {
                        "value": false
                    },
                    "artifact": {
                        "size": 461808,
                        "MD5": "44b1b1031c25f04955bfd7ed734bd467",
                        "url": "http://mc.westeroscraft.com/WesterosCraftLauncher/test-1.12.2/mods/worldeditcuife.jar"
                    }
                },
                {
                    "id": "com.mumfrey:liteloader:1.12.2",
                    "name": "Liteloader",
                    "type": "LiteLoader",
                    "required": {
                        "value": false,
                        "def": false
                    },
                    "artifact": {
                        "size": 1680383,
                        "MD5": "1420785ecbfed5aff4a586c5c9dd97eb",
                        "url": "http://mc.westeroscraft.com/WesterosCraftLauncher/files/1.12.2/liteloader.jar"
                    },
                    "subModules": [
                        {
                            "id": "com.mumfrey:macrokeybindmod:0.15.4-1.12.1@litemod",
                            "name": "Macro/Keybind Mod",
                            "type": "LiteMod",
                            "required": {
                                "value": false,
                                "def": false
                            },
                            "artifact": {
                                "size": 1726452,
                                "MD5": "9ba3ed960bbb676743a3b6c2e1efc484",
                                "url": "http://mc.westeroscraft.com/WesterosCraftLauncher/test-1.12.2/mods/macrokeybindmod.litemod"
                            }
                        }
                    ]
                },
                {
                    "id": "com.sonicether:seus:11.0",
                    "name": "Sonic Ether's Unbelievable Shaders",
                    "type": "File",
                    "artifact": {
                        "size": 175159,
                        "MD5": "bfa8c31d1da8131b59917bb2460205b1",
                        "path": "shaderpacks/SEUS v11.0.zip",
                        "url": "http://mc.westeroscraft.com/WesterosCraftLauncher/test-1.12.2/shaderpacks/SEUS.zip"
                    }
                },
                {
                    "id": "options.txt",
                    "name": "Default Client Options",
                    "type": "File",
                    "artifact": {
                        "size": 1973,
                        "path": "options.txt",
                        "url": "http://mc.westeroscraft.com/WesterosCraftLauncher/files/options-1.12.2.txt" 
                    }
                },
                {
                    "id": "servers.dat",
                    "name": "Saved Client Servers",
                    "type": "File",
                    "artifact": {
                        "size": 87,
                        "MD5": "64dc1db90935997f07dfac422206f1de",
                        "path": "servers.dat",
                        "url": "http://mc.westeroscraft.com/WesterosCraftLauncher/test-1.12.2/servers.dat" 
                    }
                }
            ]
        }
    ]
}